building_area_sqm,building_age_years,material_quality_index,initial_construction_cost,climate_zone_severity,actual_annual_maintenance,actual_annual_energy
16295,28,0.7964754257174638,7465377,2,239949,4888500
1360,50,0.5817619362925114,40683871,2,2097964,408000
5890,21,0.6955407683258803,43616258,3,2276315,2650500
12464,49,0.9847061611676438,5902059,2,178613,3739200
11784,7,0.6290667163505638,45604238,3,2327091,5302800
6765,17,0.8283683322706461,41162344,3,1744149,3044250
17350,20,0.6625950321123475,40128126,2,1453489,5205000
4926,41,0.8867365628433004,23005782,1,365814,738900
14923,49,0.5654368303591749,28345255,1,746934,2238450
11863,20,0.9849105225392724,18496623,4,901440,7117800
16523,54,0.7268947706918196,46858810,4,3971004,9913800
8822,22,0.618025231673232,32457080,2,1281424,2646600
2185,28,0.5367483736650063,11569315,1,275896,327750
1269,40,0.5848789525437703,11089851,3,796359,571050
2933,49,0.7598869742780088,4887008,4,383301,1759800
5811,7,0.6685015882156431,44755415,3,2149058,2614950
5551,1,0.9144416829413047,46570487,4,2057482,3330600
6920,32,0.715443761830903,41279707,2,1523228,2076000
18068,13,0.624357136293815,38170084,1,690825,2710200
6896,30,0.8085724933020151,22970950,4,1477281,4137600
9166,23,0.8533886084427229,9457411,1,136310,1374900
19442,51,0.5835209539504749,10137344,3,786984,8748900
18931,59,0.5838096081441588,40275054,2,2193774,5679300
3247,56,0.5183357134667714,43188444,1,1299813,487050
689,19,0.8682010075328203,7933705,2,217486,206700
19618,32,0.8319022638109026,23322619,1,370065,2942700
3505,30,0.7373154378749069,17794513,3,941233,1577250
2399,29,0.9220852244845985,29820898,3,1251585,1079550
1767,49,0.9028350764750266,47705646,2,1574626,530100
18412,45,0.792677182198376,40564766,3,2226085,8285400
11894,29,0.9341356402566293,45969434,4,2539270,7136400
4056,30,0.6029206050183842,15512253,1,334470,608400
4390,16,0.5559598096988639,10615754,3,664487,1975500
9338,40,0.6348748057584948,33254832,4,2933287,5602800
15002,19,0.5285434280446575,23529829,2,1059534,4500600
11127,18,0.765584764000516,15557759,4,959170,6676200
9292,1,0.9683028461474807,23414241,2,488450,2787600
11055,14,0.5196717703342548,10004471,2,438934,3316500
10753,51,0.5610549570050134,16723723,1,450095,1612950
8933,47,0.7260995141417177,4765056,1,96469,1339950
10733,50,0.9669375087639525,4325315,4,268392,6439800
11516,2,0.6580780524883753,48715952,1,755081,1727400
3112,54,0.7536174043441962,15067121,1,307893,466800
16287,28,0.520786429525196,6217092,1,152805,2443050
17659,49,0.5741716004810444,42819037,4,4444689,10595400
12706,50,0.9933150614794235,38375319,3,1738511,5717700
8726,30,0.9825593482180228,24429562,1,323221,1308900
15041,38,0.5024699904672048,3846274,1,105635,2256150
3652,51,0.9759058927116195,47782538,4,2957319,2191200
2085,4,0.8195599689077502,47338604,3,1802143,938250
4443,1,0.9339591472600111,40542531,1,438434,666450
19957,8,0.7273699278169296,24846553,2,737844,5987100
1521,29,0.7577980142896251,34268890,4,2333438,912600
12153,55,0.7444232901284601,25649133,1,534053,1822950
11305,39,0.8334321287730522,17159082,1,286179,1695750
13917,3,0.5698256273781565,34931226,2,1262813,4175100
8489,32,0.5149867949363389,17213225,2,882409,2546700
10192,10,0.6539649707955955,21655666,4,1457034,6115200
13490,10,0.8523403813683234,34187633,4,1764853,8094000
7373,19,0.6009267260614741,4033349,2,159742,2211900
6175,46,0.8367162166624587,27687290,4,1932480,3705000
661,34,0.9849560230536352,28646076,2,779440,198300
4797,33,0.5469503578947092,24184270,1,588080,719550
1495,23,0.8363010591125631,15930164,2,468589,448500
12034,55,0.7218751096522855,35337309,2,1517515,3610200
8129,28,0.9340711271887527,22680041,3,932384,3658050
1516,32,0.588574894723693,41622564,2,1866942,454800
9029,50,0.8463129761130823,32590521,2,1155264,2708700
17762,7,0.919057644824055,30051004,3,1049593,7992900
9768,29,0.9723071097370116,48339044,4,2565336,5860800
12685,8,0.8416240141448229,12999401,3,500437,5708250
6831,1,0.7485873820042137,7299492,1,98485,1024650
9071,57,0.8089236201006069,23576162,3,1372734,4081950
7708,55,0.9344524922393591,29465797,1,488756,1156200
5776,3,0.7853048733194148,40483075,4,2123891,3465600
18946,24,0.5151935298484185,46024017,3,3323204,8525700
16948,23,0.9654743477534888,44279132,3,1692328,7626600
16716,59,0.8447633755157806,31732364,4,2389045,10029600
8506,8,0.8382566928886233,35404782,1,456151,1275900
3068,54,0.6078375761988586,48069821,3,3653649,1380600
2527,57,0.8294427351163286,46148268,1,873511,379050
3195,47,0.6969322028270792,9556255,3,604694,1437750
15922,37,0.825616488520746,34989909,2,1161221,4776600
5758,3,0.5532965151539954,44626563,3,2492263,2591100
7236,51,0.8289226523015181,49786500,4,3627726,4341600
891,33,0.9997068628853333,40206376,4,2139606,534600
14486,28,0.524106019430278,30362480,1,741528,2172900
13166,47,0.9885870921106586,5327308,3,237646,5924700
6392,8,0.7034539803614352,45903073,1,704741,958800
4061,34,0.9353767251686296,24729530,1,354269,609150
6684,35,0.8911927420291368,45771670,2,1386720,2005200
19983,32,0.7835081304933339,13633010,2,459358,5994900
8892,24,0.8692246046256633,24442985,4,1394774,5335200
13567,14,0.9392577806506739,41093087,1,498756,2035050
15765,32,0.7020701608255164,26291884,4,1977311,9459000
19988,56,0.6635165807816193,31596658,3,2228615,8994600
2954,46,0.8337966927817924,23745849,1,415796,443100
12337,43,0.9039229709706293,47267888,1,747774,1850550
14539,16,0.8811425673883079,32981908,3,1302593,6542550
19615,4,0.8989068244293172,24675262,3,856449,8826750
11465,52,0.7177916574064664,20854315,4,1766448,6879000
10262,37,0.9089171080875108,3844180,4,231771,6157200
5556,54,0.5601045276853043,12010186,3,990655,2500200
15448,21,0.7722445489804248,47530918,4,2978973,9268800
8610,14,0.5028793302490608,16148530,3,1098235,3874500
14273,31,0.6622929149501351,39620544,1,783685,2140950
17912,55,0.683230767435699,11061403,1,250942,2686800
1002,48,0.6980863458046277,21871102,2,927370,300600
7410,18,0.8477336033449311,29105186,1,405128,1111500
13185,7,0.6942790506351728,43505100,3,2011458,5933250
706,10,0.7243468113112653,6301358,4,382772,423600
18368,7,0.6187720654371638,19283361,2,666907,5510400
16434,33,0.68662589581467,20425418,4,1582568,9860400
17747,23,0.6136348136315757,18970147,3,1140741,7986150
19674,21,0.5365979618842218,48905202,1,1102786,2951100
9255,19,0.801724296690689,5889084,2,174823,2776500
12883,48,0.8341063992775082,41687888,3,2219072,5797350
18641,19,0.8097451730048073,1871522,2,55007,5592300
15320,36,0.7317470219002862,23826747,2,885671,4596000
8074,29,0.6898928900896149,16523665,1,308968,1211100
6874,18,0.9316668247859126,30538040,3,1160336,3093300
2178,2,0.7595408925681091,49410263,4,2654154,1306800
1559,1,0.7395909388148655,49470777,2,1351165,467700
16698,47,0.5128210329032179,36736338,2,2106092,5009400
10414,5,0.6706239138130782,20382100,4,1276495,6248400
11317,20,0.6900978093929285,32607303,3,1701009,5092650
11421,11,0.6994113904484502,36259675,2,1150917,3426300
10289,42,0.7900861846136662,38829124,2,1395730,3086700
16812,2,0.7668012733634393,30188752,2,803142,5043600
11752,3,0.8039525463967223,34327716,3,1319389,5288400
3193,23,0.8824416307710641,3975605,3,166243,1436850
14431,55,0.9064928693580467,39653586,4,2712125,8658600
4127,12,0.8590615381132471,32664126,3,1277573,1857150
16657,20,0.9777618479774673,47831679,3,1761104,7495650
10673,5,0.5091162913381808,14763700,1,304486,1600950
18547,37,0.597888992841773,24066465,4,2205831,11128200
10730,38,0.503781437489071,15573834,2,853222,3219000
16207,30,0.8237373570773014,42707317,3,2021985,7293150
11994,9,0.9490152744749935,10176748,2,233771,3598200
1806,34,0.6217411482881496,23941230,2,1031980,541800
7276,53,0.9635172723981533,46501579,1,738413,1091400
9974,44,0.5301336951447804,29911861,3,2437483,4488300
8026,35,0.9672180134027571,25276628,4,1411199,4815600
6030,52,0.6758113436198172,40770506,3,2750967,2713500
4248,58,0.5507104142246082,11511846,2,660554,1274400
14045,22,0.7429358795931629,47669316,4,3131175,8427000
1163,44,0.6283882838602539,39143159,3,2690986,523350
2498,24,0.6424364509809615,44562003,2,1720228,749400
8494,17,0.6536449824631433,9978989,2,357240,2548200
18379,10,0.9015129489163317,14792249,1,180490,2756850
3804,30,0.7695806383376272,29098059,1,491533,570600
18737,56,0.6556538495780018,4683909,1,111444,2810550
14308,59,0.8051668916554592,36094032,2,1425530,4292400
7085,46,0.8580753371115968,42019538,3,2144865,3188250
18175,23,0.6363120003667668,20847987,1,402994,2726250
12149,32,0.7067745507626757,18920863,3,1060120,5467050
2136,17,0.5609430466684737,33453189,1,697757,320400
17582,50,0.5905746747673402,46554686,4,4729767,10549200
5237,51,0.8405589269824914,24933622,4,1791654,3142200
15055,17,0.5907191738478135,2416953,1,47871,2258250
14377,14,0.7625816918335301,31250211,2,934332,4313100
1354,9,0.8545231308612163,20471461,1,261126,203100
6355,40,0.553438461547372,30288010,1,766177,953250
7892,2,0.7836561098144518,1421280,2,36998,2367600
14449,45,0.6282813918506819,1909245,4,176252,8669400
18591,25,0.9814634376187898,16993238,3,649281,8365950
6291,39,0.7417728233599623,49427722,1,926220,943650
5431,9,0.902996274887579,35147064,2,848515,1629300
702,54,0.7751132710781309,13425714,1,266742,105300
11947,22,0.5217062664274096,30920720,2,1446150,3584100
13188,43,0.8165756877970112,27638002,3,1452002,5934600
4889,46,0.9757016711033285,17439220,3,782860,2200050
2827,4,0.8008059100731656,13259034,4,688775,1696200
8504,26,0.9095944297133951,6730385,2,186462,2551200
19815,58,0.942103231674204,26580123,2,891549,5944500
8277,29,0.6140398859744662,36935918,4,3103859,4966200
697,45,0.6060224199541133,48368963,4,4629201,418200
2430,34,0.8054904944254959,42722758,2,1421456,729000
12274,23,0.7055142349033523,13550508,4,944963,7364400
15587,37,0.9199306514333602,34214626,3,1528616,7014150
9839,11,0.9500115616990056,44860083,1,524148,1475850
12089,6,0.676710689651359,14605804,3,686356,5440050
19395,18,0.618435279487241,8085904,4,617129,11637000
16208,21,0.8902627576219309,14824880,2,402984,4862400
17543,42,0.637403017774068,7699744,2,343068,5262900
3311,36,0.9113071592568391,11587999,3,518804,1489950
14743,41,0.7118691268243814,26801543,2,1061716,4422900
7046,38,0.8337749496457352,37355877,4,2473142,4227600
2486,34,0.5477676569173341,26974082,3,1979594,1118700
8838,17,0.8119296623382866,47467514,2,1368024,2651400
11911,37,0.7258838393686146,45807180,1,864543,1786650
3411,25,0.793304231587737,12953070,1,204099,511650
2234,38,0.5840071038724317,7839789,4,741012,1340400
18727,58,0.868436872472091,9570556,2,348245,5618100
9180,12,0.9313985387716143,20360030,4,979311,5508000
19860,23,0.6083699000453878,15994127,3,970105,8937000
18843,53,0.5478572777600809,35761183,1,998701,2826450
6259,42,0.5118192930231682,32707157,3,2722298,2816550
2885,22,0.820985750221633,1953692,2,58064,865500
11611,21,0.8035470180443904,17994986,4,1083890,6966600
5236,27,0.773348706357035,22614133,4,1485485,3141600
2302,57,0.6159735480579878,41523561,4,4233427,1381200
8655,31,0.6954529979527573,33401727,3,1887529,3894750
8620,6,0.7972381675930865,11825853,1,157235,1293000
7116,27,0.7483834294295847,17515348,3,891701,3202200
14757,40,0.9938927601074437,32343819,3,1366787,6640650
14986,34,0.5682198762783666,33479425,2,1579051,4495800
17146,12,0.8475722770237969,23687400,2,626020,5143800
14575,45,0.7021593840521461,33555703,2,1385889,4372500
9708,57,0.7140998074628073,19567224,1,430199,1456200
16871,53,0.8587988828290881,39067502,1,696010,2530650
12335,7,0.8462180756621849,27504354,2,695557,3700500
13668,10,0.9956279968510942,22244167,2,491520,4100400
2549,45,0.5641971447270626,45124953,1,1159721,382350
5923,17,0.5520548246920831,2478768,4,210135,3553800
15089,26,0.8621694085643705,10953821,1,160082,2263350
19992,21,0.7891934585032045,16008832,1,245449,2998800
7658,28,0.6370803332799029,26853976,1,539540,1148700
10748,58,0.5397096844944933,34957412,2,2046756,3224400
7900,46,0.5428291247982153,27204160,4,2926745,4740000
10374,2,0.9470954373320591,29044174,1,312799,1556100
15651,54,0.5959336623593714,10557540,2,545651,4695300
19139,43,0.6616857810577603,25334476,3,1642545,8612550
1654,1,0.613328201113494,15722791,3,776746,744300
4999,51,0.6774981529159687,15163844,1,337969,749850
6795,53,0.5347119213730467,41487099,3,3561278,3057750
12683,36,0.7595298954541352,10837695,4,776230,7609800
13374,51,0.5338062817961075,3108542,3,263797,6018300
18532,26,0.9001782539111808,41476928,3,1741686,8339400
6039,29,0.6168560409552165,10326243,4,863790,3623400
10137,21,0.7700059573022553,19163905,1,301144,1520550
16086,11,0.9400395437807292,46759166,1,552132,2412900
3057,40,0.825438684523597,46010023,4,3121444,1834200
6092,11,0.7664788932756676,37400662,4,2166516,3655200
16982,36,0.6621668765576878,14970696,4,1229910,10189200
2700,49,0.6665009565290989,19895649,3,1334334,1215000
14672,59,0.8347434775990951,6553535,4,499320,8803200
3461,39,0.9970696806105838,4678621,2,130447,1038300
14707,40,0.8309195949246893,39111198,3,1976930,6618150
12469,35,0.7788917086850125,16074661,1,278611,1870350
3369,54,0.8653252551196231,40781450,1,725778,505350
17840,34,0.732602806141859,22777762,1,416626,2676000
14492,55,0.5300711713003926,10686599,3,937471,6521400
6199,47,0.7811484079389549,7971138,2,300008,1859700
4487,24,0.9788126422526902,31450573,4,1593715,2692200
13946,54,0.5876514711788299,49791739,4,5219371,8367600
1718,22,0.8450024454103329,44757228,1,646197,257700
5235,5,0.6004668443295282,45050399,1,787769,785250
11796,56,0.7679138422365406,43161441,3,2630445,5308200
5055,33,0.5483382248233598,27150956,2,1317098,1516500
9646,58,0.7251854681290926,9547900,4,832100,5787600
8550,36,0.878081664447623,31885970,3,1481579,3847500
13257,47,0.673785762119491,30856890,4,2692822,7954200
17929,20,0.832455862243609,42099621,1,606873,2689350
7393,19,0.8977249803948646,12556367,4,665775,4435800
18577,35,0.9635889097397263,43406977,2,1216274,5573100
14873,52,0.6173210409277268,16275664,2,801495,4461900
15065,43,0.699657957904654,3681206,1,75238,2259750
3936,17,0.5762080066652087,34742203,2,1410892,1180800
9254,59,0.9962417510791877,18014415,2,575019,2776200
11177,45,0.9635004839621477,41844645,3,1889196,5029650
6395,43,0.7699785651402797,15392507,4,1143475,3837000
17109,34,0.9210166471882106,20634497,1,300214,2566350
16136,9,0.760478988636021,45675521,1,654670,2420400
7522,26,0.8117928440013799,31000601,1,481166,1128300
9651,2,0.5445622160580084,46545655,1,871830,1447650
6100,53,0.877635210248404,35305950,1,615496,915000
8496,9,0.5638567418176175,18290529,2,707153,2548800
9507,9,0.9130338151262642,46874626,3,1678799,4278150
13446,40,0.891014043835193,29380039,1,461631,2016900
5142,17,0.8543723488714883,49383190,3,2028799,2313900
11812,1,0.5180801902623811,32581133,3,1905512,5315400
8179,25,0.6515641779726643,3332214,2,127854,2453700
8708,43,0.6315562849554215,28496053,1,645221,1306200
19089,40,0.6800682037357595,39636252,2,1631917,5726700
11216,42,0.5438213733819193,23043878,1,601710,1682400
17953,25,0.9684789115155314,34015348,2,878061,5385900
3944,39,0.7769011203561882,32263040,3,1731711,1774800
11257,35,0.6527621553290117,10042832,1,207699,1688550
14934,3,0.6984907585371417,3250397,4,191722,8960400
1560,50,0.7236012702524178,44942324,3,2794915,702000
19211,37,0.8002971666803087,11390284,4,779944,11526600
3920,44,0.7578397138482489,42846292,3,2442415,1764000
801,44,0.9596959866072087,43397458,2,1302336,240300
12968,51,0.7484817414529151,31891320,1,643381,1945200
17490,30,0.9960790074116563,42280792,3,1655441,7870500
1199,38,0.9257124788725479,2472542,2,73718,359700
690,34,0.6042552571786679,5473014,1,121369,103500
10992,12,0.9652976073219581,14245462,1,165284,1648800
17864,19,0.558183198942738,33463391,3,2140234,8038800
3475,37,0.9087248542455958,4529801,1,68291,521250
6602,44,0.69031164673829,34242121,3,2142886,2970900
18068,59,0.9389871602225348,39362595,1,666532,2710200
2316,59,0.9340283450537252,34424949,4,2344068,1389600
1069,49,0.9029627000588105,40839283,2,1347797,320700
5942,17,0.8950152181535307,47137503,4,2464801,3565200
2395,10,0.6523395695490204,46756273,3,2365266,1077750
19617,57,0.5404596415256261,33455693,4,3887464,11770200
4363,55,0.7014900893825807,44154609,3,2926897,1963350
13413,49,0.5867622574932543,47504347,1,1206305,2011950
7955,47,0.8474755444512309,2195885,1,38089,1193250
4514,12,0.6730498632688928,44099123,3,2201516,2031300
11593,16,0.9878051004299575,28140148,4,1321822,6955800
18570,24,0.820486038672666,31423447,1,474902,2785500
3509,19,0.9112402818171805,38452622,2,1004315,1052700
17038,8,0.5662623363709243,25163349,1,479926,2555700
11229,31,0.9310072411363113,4388445,2,123497,3368700
1909,21,0.9613785952566971,20520190,4,1033076,1145400
12749,17,0.7435309594094679,46435139,2,1461381,3824700
1284,23,0.8031264688754887,10667788,2,326757,385200
8596,37,0.8824049004514978,46276218,2,1436946,2578800
8060,54,0.5874193136302063,42752022,2,2241605,2418000
13033,16,0.7512830382317213,9182535,1,141780,1954950
7843,6,0.6993315138861566,25843729,2,783443,2352900
7706,8,0.5731869960811246,47474251,1,894510,1155900
6301,25,0.6837672111457658,11196894,2,409382,1890300
19690,18,0.5340861546927468,13988365,3,927168,8860500
17421,25,0.5129059534747435,31031137,4,3025031,10452600
6486,12,0.5675831445774113,38917521,2,1535902,1945800
18725,15,0.9815575557945869,49439031,3,1737693,8426250
11147,59,0.7747647679475085,20575137,2,844500,3344100
9216,26,0.9829110805766099,13762750,2,352851,2764800
19834,41,0.7162489391650659,33027722,2,1300360,5950200
12823,45,0.6559080665426298,26434984,3,1753175,5770350
5280,26,0.753070931420122,22847630,4,1529099,3168000
2868,47,0.7197558443164551,39647224,3,2429216,1290600
12539,32,0.552832342130872,1578526,4,150762,7523400
7155,10,0.8204131573451031,7612208,2,204127,2146500
8673,16,0.6080190912547998,48799289,1,931009,1300950
4995,7,0.8097939774489148,8587676,2,226942,1498500
11393,17,0.8251005461990767,46288543,4,2625502,6835800
13903,23,0.576012426564324,17541989,3,1123759,6256350
13621,26,0.5306748135553341,22911760,2,1088004,4086300
11466,21,0.8903807930342199,1814422,3,73972,5159700
1353,22,0.72990021188466,23082647,3,1157452,608850
17458,58,0.5290818977527378,49161585,3,4404344,7856100
18032,7,0.9974331585848836,17406440,2,373456,5409600
10407,14,0.5288902804981833,13663723,3,883546,4683150
5277,15,0.8475176144292766,29042104,3,1182220,2374650
15838,53,0.9918394626317069,20715903,2,639122,4751400
2991,7,0.6195900521079628,17192668,3,890725,1345950
15828,9,0.5711246843435981,39707867,2,1515661,4748400
15099,51,0.5606924697112144,35971274,4,3874967,9059400
3551,48,0.6516375737837978,4689024,4,425988,2130600
16479,8,0.5505229055053233,22173866,4,1740002,9887400
16888,50,0.846080670847066,21479634,3,1142424,7599600
1376,59,0.5311458990650313,11670216,1,349351,206400
4642,23,0.7547110640748949,31807713,1,518390,696300
15702,29,0.9983484269264884,4641771,3,179933,7065900
7466,18,0.9069851347530093,40982531,1,533188,1119900
7579,31,0.8076097191155054,33995939,2,1102876,2273700
8487,30,0.6531268103933059,5079441,1,101102,1273050
7299,52,0.8119479181458192,6356430,3,356984,3284550
4965,39,0.7635207319558258,24552818,3,1340962,2234250
17519,35,0.7130416919451857,3188370,2,120730,5255700
13917,18,0.5653551883700998,16861936,4,1407758,8350200
18577,59,0.9433021076202334,10937093,3,553056,8359650
8811,42,0.7248923244106613,10955951,2,429234,2643300
17714,39,0.5973112559103826,48044555,1,1118042,2657100
14598,17,0.6838796754386448,15023346,1,257023,2189700
5677,14,0.7070648762644636,48951268,2,1578481,1703100
14762,31,0.9137689477834372,29551568,2,847316,4428600
8808,24,0.8668071902807011,48423958,3,2078168,3963600
6449,35,0.8846524468206699,41540377,1,633915,967350
19722,44,0.5055156322143236,10144220,2,577931,5916600
1650,45,0.7080769990898808,36630907,1,750127,247500
2431,34,0.7406720758176618,34122266,2,1234658,729300
9704,3,0.5095961384115284,3141912,1,63504,1455600
18548,37,0.6299066043725171,4144311,4,360542,11128800
1581,43,0.8801449115610676,18062838,3,880418,711450
17396,40,0.5685548528644995,19740105,1,486077,2609400
13907,26,0.7676550657262958,46969430,4,3083753,8344200
8305,55,0.6076009360086188,19173652,1,489123,1245750
5737,23,0.5060603873219467,43610580,1,1059972,860550
17443,44,0.6206007287997708,3195690,4,296602,10465800
13275,39,0.9879368774550269,44531276,1,626542,1991250
16744,15,0.9007685559414949,47953572,1,612217,2511600
13684,56,0.9797883221605167,48406955,3,2312178,6157800
3843,49,0.7439270219631813,20759626,4,1663165,2305800
14000,4,0.5548680993387518,19181571,4,1438095,8400000
10162,29,0.7739797444868465,28841304,2,961401,3048600
17464,22,0.7271886672799804,6056093,1,101602,2619600
15625,25,0.922178541369808,15358216,3,624535,7031250
8630,13,0.5490412903921222,29589907,1,608999,1294500
2179,18,0.7441205685108891,3464722,1,54942,326850
4006,33,0.5750243323469921,41113874,2,1901883,1201800
13784,16,0.6623379634450299,16136395,1,282608,2067600
7753,45,0.8686785386938998,6630761,3,332042,3488850
19628,42,0.7380090646843833,48494032,3,2799214,8832600
9935,44,0.6879441425728847,3901092,2,163314,2980500
11810,2,0.6972381392850177,16783215,1,245524,1771500
13796,55,0.7297233842029933,44465574,3,2833469,6208200
19025,35,0.8925082719185284,2722907,1,41186,2853750
13745,42,0.9460423444701171,28681791,1,430510,2061750
11651,34,0.9776673432519641,47618152,1,652658,1747650
10957,30,0.8934516931276475,31999906,2,931217,3287100
2979,59,0.6577034478740064,20647790,1,499160,446850
4952,55,0.8440673530432711,7882799,3,434266,2228400
6381,13,0.718801562027696,25729233,1,404479,957150
14569,13,0.6273353110230255,41476415,3,2241306,6556050
3349,18,0.9204357897129614,41081357,1,526663,502350
7890,32,0.5192131744811626,23143202,3,1765114,3550500
12422,32,0.9508809960677118,45831979,3,1908699,5589900
2989,35,0.7307387323123671,13374888,1,247093,448350
10323,59,0.8186007384041403,24536507,1,476582,1548450
9707,39,0.8296769611028914,9343528,3,469610,4368150
10040,46,0.9475588703532682,45042449,4,2776058,6024000
16864,52,0.8183348410836037,23309604,2,865919,5059200
5111,29,0.8069667923800309,42574796,4,2722366,3066600
19723,49,0.5333260202803449,42006179,4,4694254,11833800
6378,29,0.759204010972602,29338206,1,498499,956700
16847,53,0.5750845004085208,4881857,2,259761,5054100
1351,44,0.8687168843607428,39092303,4,2592002,810600
18571,57,0.7561109604063372,5739400,1,119173,2785650
7333,16,0.8401138896041767,45616869,4,2519447,4399800
12438,56,0.5208364503011922,16168970,4,1937160,7462800
2927,44,0.5423960080229016,23148023,1,614553,439050
4500,47,0.8581616940313411,31443477,1,538615,675000
5552,57,0.5360421679993367,26504364,1,776279,832800
3238,10,0.5356283638826294,18278806,2,750770,971400
5887,30,0.5060542376174437,21137708,4,2172021,3532200
8502,25,0.97825069914974,18649544,1,238302,1275300
6036,39,0.8687541797295035,39363911,3,1889458,2716200
13979,20,0.6766257042510321,48308038,4,3426984,8387400
4413,5,0.6482677906438277,4110691,3,199742,1985850
17950,1,0.6748516148729248,19135313,2,572767,5385000
11136,30,0.887326765590591,12688962,1,185902,1670400
6226,49,0.8306853055352073,14431835,3,776591,2801700
3873,3,0.592597783933734,26090373,2,906958,1161900
12661,45,0.5870546676670422,19071531,1,471058,1899150
2582,14,0.5491978248566987,23864811,3,1486124,1161900
16781,56,0.8301513598506691,20352724,3,1147390,7551450
15805,30,0.882186331110868,45319259,2,1335659,4741500
10317,50,0.632523214162502,44301351,1,1050586,1547550
11761,4,0.5104724805154564,5510784,1,112272,1764150
917,18,0.5410858337382136,31993940,3,2093171,412650
9308,37,0.9839300174225152,27455291,3,1146842,4188600
3767,25,0.6477223887387101,37124898,3,2149352,1695150
17709,48,0.8846115739190668,46598220,1,779611,2656350
6245,1,0.8123317844271318,49176440,2,1222855,1873500
11838,53,0.690969819826448,47426160,2,2100295,3551400
912,46,0.6028436310977776,10179253,1,246526,136800
8043,15,0.5606932090797032,4287093,4,351718,4825800
8087,9,0.8075064840194333,2017481,2,54465,2426100
1228,15,0.8873168903188939,9451115,3,367471,552600
12157,49,0.8219521267705654,27271534,4,1977467,7294200
6488,57,0.7651510666245791,32590452,4,2674870,3892800
19388,24,0.5209756117158182,3338377,2,158916,5816400
3467,4,0.9842443887971919,33271884,4,1406266,2080200
15027,12,0.8993570958272873,18583780,4,925720,9016200
19670,59,0.6464110183504823,21696165,2,1067336,5901000
16548,58,0.9899851646794253,40601943,2,1296000,4964400
18006,37,0.800940794818161,44552513,4,3048262,10803600
18455,37,0.7912113291036232,16902677,3,878020,8304750
5573,43,0.874036589714766,27877776,1,456104,835950
5604,6,0.9058848940450688,49730509,4,2327639,3362400
2643,39,0.8282393036657514,32751305,4,2198606,1585800
7857,56,0.5640478731831,1737954,3,144200,3535650
12543,46,0.6691337529972492,37462488,4,3269614,7525800
3940,24,0.9640418201630249,8840130,4,454825,2364000
6144,11,0.612307805921926,10095781,1,183017,921600
11018,13,0.6860835119187567,6934261,1,114209,1652700
15052,34,0.7160384414720979,5510579,1,103125,2257800
3414,25,0.7197024948472261,43622487,2,1515295,1024200
14084,7,0.8064697912472627,27227228,2,722485,4225200
12644,52,0.9715379188723539,48116458,1,752796,1896600
14897,4,0.6203463559162525,12368856,1,207361,2234550
9287,59,0.560750688150459,45557027,2,2583525,2786100
14691,8,0.5987352449299687,45696953,3,2472848,6610950
1228,20,0.9434624501046347,15634171,4,795410,736800
18249,29,0.822905406327603,31161753,4,1953986,10949400
1198,54,0.64295339461958,25340709,1,606959,179700
7686,53,0.9079734694843087,8704694,3,440040,3458700
15012,51,0.930684998181718,36933339,2,1198457,4503600
14423,45,0.923257169345139,7990607,1,125494,2163450
17279,46,0.9594632668197772,32338158,3,1476253,7775550
7900,10,0.6261205100866808,5532688,3,291603,3555000
4671,43,0.8775209643731392,25356967,3,1239644,2101950
4860,34,0.73026974863707,28995739,2,1064107,1458000
3002,57,0.9209992764450308,32197881,2,1097735,900600
17601,26,0.8642453385808067,3363162,4,196128,10560600
19666,41,0.8882237232498623,6680820,4,424215,11799600
5986,49,0.8280809188405358,20470010,3,1104975,2693700
8835,58,0.5887143847348535,33557230,3,2701841,3975750
4991,3,0.7725134594484692,45154589,2,1204101,1497300
11630,56,0.992334869762254,36900136,4,2320354,6978000
8151,6,0.9686940332485594,47524065,3,1560105,3667950
1667,5,0.5215868678985058,43366372,4,3492012,1000200
1562,5,0.5824074078647186,9277983,4,669076,937200
19040,54,0.565864386727281,18069791,3,1475308,8568000
11674,47,0.8629899549926477,33284704,2,1133930,3502200
5229,23,0.9088926649284725,20978294,3,851694,2353050
9848,49,0.606755683155336,11031033,3,812661,4431600
5834,9,0.7529263464759145,20384838,4,1180432,3500400
9424,35,0.9203515140056,19664179,3,865320,4240800
4830,20,0.8664007723831253,6304120,2,174629,1449000
7301,58,0.7711186027459241,36002379,3,2213035,3285450
5346,49,0.7951738452293864,6813775,2,255353,1603800
7231,59,0.75418027345814,25019663,2,1054953,2169300
15868,42,0.6487742256594102,13565034,4,1187614,9520800
17837,35,0.782510996429508,30022580,1,517954,2675550
3039,50,0.8444426510250453,26055715,1,462832,455850
7556,18,0.9366614579304038,7472652,4,376559,4533600
12016,17,0.818145676989624,24383686,3,1046106,5407200
11993,24,0.880560768521579,19275555,4,1085748,7195800
2042,3,0.5800358174772865,15219886,2,540534,612600
14464,32,0.730778737209895,16913266,1,305503,2169600
18075,35,0.5046658099135466,35230728,4,3769740,10845000
6813,38,0.6233394322608115,1379039,3,91590,3065850
19565,13,0.8632308575565024,35083146,4,1837003,11739000
18424,56,0.9959049756746817,8035655,1,125871,2763600
14307,47,0.549589049793608,9368352,4,1002310,8584200
10080,25,0.7007471579306441,43495479,4,3103507,6048000
18249,9,0.9000354843495797,21919751,1,265462,2737350
9191,4,0.6020178173144495,18050668,2,623659,2757300
7994,14,0.7775424746511431,32698133,2,958812,2398200
4812,37,0.8665356480148374,26944707,1,425998,721800
1824,34,0.8079927251300896,38925479,4,2582208,1094400
3641,11,0.594012367307708,14721794,1,275098,546150
2310,41,0.6776922843428697,31109596,2,1294526,693000
7088,56,0.8918958922426986,41739304,3,2190165,3189600
19807,3,0.7771132570660083,41981729,4,2225733,11884200
5801,59,0.5026148067714564,20975372,2,1327093,1740300
15985,28,0.8804953800140469,22731798,4,1321833,9591000
12214,29,0.5176556774701195,48113433,1,1198988,1832100
5248,9,0.8728668913656161,18539587,3,694544,2361600
9935,3,0.6012402800826186,21035161,1,360358,1490250
4209,25,0.9790367400596901,26056359,3,998035,1894050
13616,34,0.6839703756510422,23438280,4,1836763,8169600
10076,12,0.6634658081690396,21546166,4,1454887,6045600
10650,42,0.5744440251662224,17920196,1,442979,1597500
19956,9,0.6528021077451074,30862495,3,1545956,8980200
7030,15,0.9383253809141003,45377043,3,1668406,3163500
10688,40,0.9981671688136237,18034570,4,1011790,6412800
15183,25,0.6841547652534241,42417870,1,775005,2277450
1004,5,0.7243053154772713,49546069,3,2154755,451800
1714,11,0.8610354691013685,28082984,4,1448122,1028400
2031,59,0.9430978902325373,8972368,2,302536,609300
1323,34,0.7965221670933921,29481082,1,495964,198450
17812,24,0.6957628490889147,30537369,2,1088484,5343600
5529,15,0.7063109204243119,36790315,1,599011,829350
13928,38,0.8478090732484034,45494022,4,2962070,8356800
17017,8,0.5016091318021394,1764265,3,113957,7657650
2605,59,0.8097946687299203,24408056,3,1437727,1172250
4127,5,0.6777465052206787,15793752,3,734054,1857150
13472,48,0.8970986656385421,1308617,1,21589,2020800
2352,26,0.5464953199115661,12368954,4,1140714,1411200
5410,18,0.7941011334741952,1744748,2,51852,1623000
11503,6,0.7404864449430619,46579602,4,2667132,6901800
14343,37,0.8211627629526137,28220234,2,941633,4302900
12204,48,0.5324267972414842,48050087,1,1335660,1830600
16261,13,0.7899918937140656,1734275,1,24806,2439150
6690,28,0.7807422939797619,33775006,2,1107459,2007000
18140,5,0.7803300472080854,10686427,2,287589,5442000
6145,13,0.8017438332982274,10422794,2,293803,1843500
10088,17,0.8382339686131811,43541546,4,2430997,6052800
12329,50,0.9024944998403849,7194224,2,239144,3698700
8553,40,0.6349103600641072,43499758,1,959185,1282950
3830,45,0.912524705090031,49257587,1,782702,574500
19587,32,0.7491278411317268,40578725,3,2145051,8814150
9162,29,0.5385291395671656,40747799,2,1952156,2748600
7614,51,0.5292754646219896,27762677,4,3168228,4568400
13823,58,0.6671191593480303,6318331,4,598571,8293800
1853,3,0.8924484885557338,33482872,4,1545741,1111800
11475,56,0.8538404673704578,20741160,3,1136847,5163750
11523,40,0.8943074823362032,11736301,1,183726,1728450
1167,34,0.7586345282208047,12152153,4,858589,700200
9837,40,0.7200994989777453,29681968,1,577069,1475550
14159,27,0.5737262633531419,38502833,3,2556895,6371550
4219,13,0.6640963768046557,34679364,2,1180180,1265700
19629,45,0.7170096830869377,26433907,2,1069139,5888700
7983,33,0.5443002148398086,44694538,2,2184226,2394900
1039,6,0.6103059763556056,40835189,4,2836957,623400
5464,24,0.7991126470318695,41339104,2,1282935,1639200
5335,19,0.8678315571195949,21655025,4,1187764,3201000
6542,16,0.9991737556964748,22653925,3,789008,2943900
15337,40,0.9665566656717788,48623905,3,2112865,6901650
7812,28,0.8212825997675958,33290830,4,2075400,4687200
5820,33,0.7106240266470361,46173471,1,864180,873000
13716,59,0.8180886823541164,3592316,2,139637,4114800
3279,59,0.892825809040116,34265940,2,1220458,983700
17808,48,0.5591680954616937,40450157,2,2141260,5342400
2081,41,0.7049524448481441,39993189,4,3199670,1248600
13177,13,0.9199011428178085,30142589,3,1110808,5929650
6213,43,0.691916475966522,44338325,2,1832701,1863900
17139,45,0.7859361356135932,47619069,3,2635620,7712550
5304,25,0.793884680431099,29088529,2,916018,1591200
18722,53,0.5922381265668197,37219181,2,1923055,5616600
10636,42,0.6811177208261442,47991244,4,4002102,6381600
509,36,0.6672556443709661,24506142,1,499484,76350
19755,27,0.5130983542660323,41801245,4,4138589,11853000
5624,38,0.5120958819456776,20699205,2,1115607,1687200
1515,7,0.9158485218378867,35538588,2,830405,454500
2693,5,0.6365354049864063,27029483,1,445866,403950
8915,43,0.7590393831194078,31278124,3,1767802,4011750
14050,45,0.6493627867943865,14331690,3,960061,6322500
15012,58,0.9703396225576703,11625643,2,378599,4503600
4658,57,0.6296483794328869,46553994,3,3482408,2096100
7470,51,0.7148284063694675,44099658,2,1863118,2241000
7438,31,0.9363651252423009,6296990,1,88096,1115700
14272,23,0.9209667833959043,33650907,1,449425,2140800
18517,42,0.5930507089231387,13299755,2,636898,5555100
10844,10,0.9013216548978552,33220741,1,405435,1626600
7766,32,0.7290934433689463,41483087,4,3004151,4659600
9202,43,0.7414844360426776,45857903,4,3537595,5521200
884,53,0.5667399862079718,2821367,1,76167,132600
904,30,0.5403007568785623,37927295,2,1825112,271200
8675,39,0.8639696534868826,30698493,2,987787,2602500
15658,31,0.7482305761776499,31235640,1,546872,2348700
13263,18,0.7184253513075898,2578315,3,127045,5968350
18884,36,0.8647541143261983,41981642,4,2640983,11330400
10360,2,0.8827564494955549,26076068,3,903904,4662000
6489,14,0.5794540838346768,19126806,2,752589,1946700
15606,13,0.8051125747388206,46447478,2,1303808,4681800
18344,29,0.5676770411388428,47523237,3,3239780,8254800
4136,12,0.8756875430145228,12199747,1,156034,620400
11416,39,0.8284775781335698,6440107,3,324151,5137200
5309,2,0.978307310541729,49726898,3,1555383,2389050
13956,32,0.5344790081782106,8081530,4,798356,8373600
15944,13,0.5285273605756271,49494716,4,4232819,9566400
6497,46,0.6410935373466,27635617,3,1888086,2923650
2548,27,0.630852841867953,47433552,3,2864722,1146600
12838,49,0.6234893995359999,31110314,2,1486933,3851400
17600,41,0.9531272902605183,20674922,4,1223410,10560000
5044,17,0.624773099924753,26059572,4,1952049,3026400
5476,40,0.6359748630643155,37755905,2,1662275,1642800
13275,31,0.8796991312089819,32397110,1,482440,1991250
10515,34,0.72486992122527,10314823,4,762722,6309000
3919,24,0.8883552784775905,24284876,4,1355910,2351400
14930,45,0.5326830787821926,45976489,1,1251511,2239500
7739,35,0.7437855968366922,36004423,4,2613977,4643400
14989,48,0.5168068000916413,33057821,4,3786759,8993400
17133,6,0.5313266017276772,22945770,1,457769,2569950
10857,19,0.9532187266722054,45454950,1,567460,1628550
17654,30,0.5696226855587976,1424528,3,97532,7944300
4863,7,0.7662103411376086,28701434,2,801621,1458900
10676,10,0.7055478013003533,31248531,2,974374,3202800
17961,41,0.6736716631294213,12103831,1,253334,2694150
8927,32,0.9499166728436362,26778005,1,372105,1339050
9080,34,0.5109116983877448,41004651,4,4301818,5448000
5358,28,0.8318948430877946,32279524,3,1490012,2411100
10540,15,0.9816972171067753,39819913,3,1399399,4743000
19698,30,0.780084091730921,14618723,1,243619,2954700
15754,37,0.9684112310165459,9527835,4,539156,9452400
11970,29,0.5261289396430119,19550271,4,1917389,7182000
1752,22,0.7093966595370806,22970075,2,790065,525600
7496,4,0.6300788954810256,43635177,2,1440473,2248800
12673,20,0.8654104824903649,34836286,4,1932194,7603800
5173,32,0.9906485452486233,41216746,2,1098393,1551900
16281,36,0.6282650312221238,15284503,1,330862,2442150
13551,50,0.8270873007370372,49122025,4,3563495,8130600
7381,4,0.5990488163798701,40384827,2,1402230,2214300
7449,27,0.782665127285805,26826151,3,1305892,3352050
10021,17,0.731966243344168,19434369,4,1242582,6012600
8517,12,0.9860026648157685,44428295,4,2018643,5110200
7441,22,0.8042636363482333,49964527,3,2273759,3348450
10709,17,0.6747531860434094,8083610,1,140167,1606350
18215,10,0.5570478924439667,17411413,3,1031467,8196750
10050,54,0.5756234143674672,30321828,4,3244872,6030000
5137,1,0.6126584649756175,18256299,1,300964,770550
5354,22,0.625483330670149,27560140,2,1075116,1606200
10820,26,0.9253080289205688,2901740,2,79026,3246000
19064,56,0.7806113941412625,40202825,2,1606853,5719200
5392,59,0.7616954556871832,47205667,4,3941575,3235200
7543,18,0.5573844359346087,33791816,3,2146149,3394350
17021,50,0.9300698466747175,31973687,1,515665,2553150
19716,14,0.8614071516042419,25530166,2,675740,5914800
4664,47,0.5338341809500008,8395873,1,231194,699600
8441,29,0.8539175486148843,39139378,4,2365090,5064600
14888,12,0.771769108671323,45238976,2,1313026,4466400
6069,36,0.5408626728733892,48278684,4,4855872,3641400
4800,59,0.7291503207643282,45855106,3,2999777,2160000
6769,35,0.7423481435650234,8873491,4,645476,4061400
4318,52,0.5828872700816379,19317940,4,2015022,2590800
12515,12,0.9728490735001412,6875293,3,237457,5631750
12734,7,0.924987685740331,47505570,1,549531,1910100
18790,29,0.8345111686645541,30486438,3,1413791,8455500
6754,11,0.7311477805003036,43618713,3,1986606,3039300
17644,33,0.7058827707922543,28054353,4,2114361,10586400
7850,6,0.8254867335754771,35648748,1,457762,1177500
15683,47,0.7727159347034527,5300915,2,201687,4704900
6738,15,0.5311365529409429,49632668,3,3223892,3032100
6590,32,0.7562513243851658,7760403,1,135454,988500
12137,51,0.9032018086164197,49710324,3,2493216,5461650
13147,11,0.729619938798479,41174673,3,1879220,5916150
10411,58,0.5259782887771343,2636675,3,237611,4684950
8972,23,0.8931390996920165,16125440,3,666221,4037400
18771,26,0.6006818910679872,26872497,4,2254727,11262600
3766,34,0.6293104174440194,18579065,1,395606,564900
1166,46,0.582353176716148,11117273,1,278717,174900
4688,34,0.6651075324357487,25147347,1,506646,703200
17555,29,0.8783757528443175,35590323,3,1568059,7899750
10661,4,0.7596929297519687,26589001,4,1455986,6396600
11814,17,0.6024406370753563,10031370,3,584457,5316300
13391,35,0.9389150390760204,8611432,3,371453,6025950
5277,13,0.9397909274757645,33985192,1,408636,791550
4400,41,0.9352892125230035,43710916,3,1976898,1980000
14216,39,0.6193981056907696,21481913,2,964157,4264800
7481,15,0.725619672090494,14722816,3,700004,3366450
6876,55,0.9924948280704375,15374288,2,480206,2062800
17407,29,0.8860062381549951,33439573,3,1460612,7833150
19277,29,0.5135837106127799,32762785,4,3291692,11566200
19477,11,0.5326022956302461,33963575,4,2831348,11686200
10660,52,0.7319656884061664,6277420,1,130356,1599000
14624,32,0.9546101029307801,27372008,3,1135470,6580800
16782,2,0.7693508989763571,41826435,2,1109063,5034600
10988,47,0.7489062540171452,16020740,2,628930,3296400
5740,14,0.5527368499783153,2760511,3,170803,2583000
10953,20,0.828390052362147,4541815,2,131584,3285900
10978,22,0.9110515803001127,9434610,4,505359,6586800
12894,11,0.6902100037537812,25167060,2,809476,3868200
19762,27,0.8878059254626638,5610146,1,80252,2964300
4932,3,0.9822383269504058,38693721,4,1623008,2959200
14068,17,0.6018832295638445,6351826,4,493892,8440800
14678,44,0.7616648155973706,14698156,4,1111530,8806800
18160,56,0.6435689790422878,40944891,3,2977491,8172000
802,28,0.8964272095169197,36338438,3,1556619,360900
17522,29,0.7887966829405788,15900526,4,1040150,10513200
555,21,0.8172912087751518,39467910,3,1752967,249750
13513,47,0.898957079807947,10017497,2,327617,4053900
9217,16,0.6979852363312274,9303143,3,463834,4147650
8650,37,0.9575450342035217,45310148,3,1944814,3892500
2625,59,0.76651443362307,46787926,4,3882134,1575000
11979,20,0.578977411417674,33580457,1,695995,1796850
16245,6,0.8479495590844013,7679155,1,95995,2436750
17248,19,0.8966306752191272,6737580,1,89420,2587200
7309,57,0.6583808385337633,23802311,2,1135197,2192700
5121,5,0.9285896284993764,15773394,3,535071,2304450
15534,3,0.9530716273828832,1225391,1,13242,2330100
14123,59,0.6384522436889044,49448102,4,4925817,8473800
5626,1,0.9917607363576111,7698541,1,78401,843900
5622,58,0.5703557640243793,17968603,1,497766,843300
18530,38,0.601007834201245,48427053,3,3335863,8338500
17802,15,0.5921124196190131,38187064,3,2225006,8010900
19681,34,0.9469948550039352,22385690,3,950274,8856450
6370,35,0.8271462761624809,28949891,2,944992,1911000
2031,49,0.5760521416111364,15106894,2,781501,609300
8672,25,0.7201617091841745,20312610,1,352570,1300800
8173,24,0.807649012534901,30723044,3,1415091,3677850
7382,12,0.5417320424946916,30538176,1,631359,1107300
2406,18,0.9412081842036694,14580994,4,731212,1443600
3586,15,0.9018017677207676,6596526,4,336482,2151600
14003,44,0.7526033867883191,34075239,3,1955944,6301350
8652,16,0.9835633076295852,4291070,3,151824,3893400
6250,27,0.7088804896375498,18463484,4,1323135,3750000
13272,8,0.992055159518249,35356387,3,1154721,5972400
10767,46,0.8339599994018135,27276833,2,955062,3230100
1562,25,0.8173356366269707,36567580,2,1118499,468600
18860,17,0.5829774476478925,24612951,3,1481900,8487000
18180,29,0.940963879152322,39021655,4,2139845,10908000
6729,53,0.7137448439603076,48116098,1,1031427,1009350
17009,8,0.5811167028912396,1147745,3,63992,7654050
15647,15,0.5063037599878795,4792824,3,326587,7041150
5132,27,0.7798778418191913,44674032,1,727498,769800
6788,46,0.7636998110613382,34692118,3,1989675,3054600
4096,50,0.8596768111845793,6250295,1,109057,614400
11975,52,0.9451290265089011,38706355,4,2489973,7185000
6668,7,0.5397032923215148,15401814,2,610703,2000400
10295,3,0.8657482451701812,40234412,4,1914711,6177000
8061,29,0.5937059720487912,28148868,2,1223233,2418300
8758,44,0.929088526578582,6149534,1,95312,1313700
17116,53,0.9095317569308281,13312829,2,447892,5134800
6871,24,0.7703968774927722,4314344,4,277767,4122600
14869,58,0.8551213993116558,1049976,2,38800,4460700
13410,3,0.6571750565918741,45306168,1,710090,2011500
8443,20,0.7355839494664074,30571637,2,997465,2532900
12699,46,0.9108184488552358,13031301,3,626657,5714550
16228,15,0.729632598586607,34326436,4,2164124,9736800
7238,25,0.678899132662721,19804536,3,1093932,3257100
16413,30,0.74710622362515,19589321,1,340863,2461950
2972,14,0.9141246262186091,32676806,2,815021,891600
19623,7,0.6676040236854364,2947238,3,141710,8830350
16179,17,0.586880796567872,32455141,3,1941067,7280550
2261,44,0.8560070101653904,44338836,2,1491761,678300
10667,20,0.912989106354041,31354748,2,824231,3200100
11054,36,0.5503187392617667,34218943,4,3382604,6632400
17760,9,0.6199370563779724,7330034,3,386639,7992000
14777,38,0.570985994880497,22586261,3,1637642,6649650
4312,48,0.6739707057910833,46504302,1,1021207,646800
18344,57,0.7251754894527063,16542211,4,1432550,11006400
18617,22,0.8744131684816532,24809061,1,346141,2792550
2105,54,0.8255737924408371,30193726,3,1689673,947250
6122,53,0.8104642837392155,1045475,1,19736,918300
7267,53,0.6761874733048272,33303854,3,2260685,3270150
12113,2,0.9207237765423799,42634984,3,1416961,5450850
11089,24,0.7356435836990822,21080580,1,355334,1663350
14418,8,0.9895524690075772,39950796,1,436023,2162700
13546,11,0.8170710691478684,4239254,2,115181,4063800
3090,13,0.5631323707822513,2099577,2,84261,927000
17947,17,0.838088781037717,27009905,2,754134,5384100
4824,8,0.6625520077158495,24260701,3,1186392,2170800
11287,21,0.8431635983430488,24737188,1,354996,1693050
9611,18,0.5348205740812029,41786456,4,3687817,5766600
5842,30,0.5874407185879797,13084335,3,868664,2628900
16889,18,0.9278686294528932,19380186,4,985855,10133400
9159,46,0.6135897785117574,25969138,1,617920,1373850
14543,47,0.9185205626214701,42828557,3,2056284,6544350
9337,31,0.6396380442272052,2531064,4,207348,5602200
617,38,0.8214409550293538,38966319,4,2618497,370200
14417,32,0.8470752867549155,49598394,2,1545786,4325100
19435,11,0.7563273765725265,43170229,2,1267148,5830500
14809,45,0.6526553383483656,3076198,2,136687,4442700
13734,25,0.6063221881855481,8466511,3,523639,6180300
6060,33,0.5165946772812131,19246135,1,495501,909000
1346,38,0.6519732006203619,12038932,1,254822,201900
11454,41,0.8265813952656416,49193845,2,1678317,3436200
14203,8,0.9691524092242414,39553543,2,881550,4260900
15885,11,0.935602241131526,21462320,2,509258,4765500
14246,22,0.8830323882676513,25437007,4,1405753,8547600
6969,51,0.8942236716266494,2420858,2,81757,2090700
9833,24,0.8324924517379977,36303414,4,2162961,5899800
17108,41,0.6301434287830014,17448425,1,390423,2566200
13319,17,0.9535975153529149,27610889,3,1016301,5993550
4708,12,0.8353661559529171,22674015,3,911991,2118600
6783,57,0.78022031549022,48550906,3,2930899,3052350
2548,46,0.5554947346067405,15579873,3,1228451,1146600
6733,32,0.7235277719032127,9466685,4,690838,4039800
13441,15,0.7301791356009631,25257032,4,1591148,8064600
13107,16,0.932281804761335,14837264,2,369227,3932100
10265,54,0.7733241100938942,15749151,4,1254516,6159000
2328,22,0.6902002744852048,48984649,2,1731708,698400
2417,28,0.9884001642553297,11029840,2,285677,725100
7488,20,0.5553602966631579,34517379,3,2237512,3369600
18910,33,0.7112742141559723,31749806,4,2374737,11346000
15094,10,0.5210123375857026,49529560,4,4182819,9056400
13477,40,0.8699520603834652,22223034,2,715263,4043100
509,32,0.9590382760995753,39677396,2,1092222,152700
17144,50,0.6400186647752447,38649509,1,905821,2571600
10365,33,0.9291708383995605,24041214,1,344122,1554750
2719,2,0.6461091152309488,39184664,2,1237201,815700
7541,33,0.9553850808219576,1920114,1,26730,1131150
18944,33,0.876980951798392,43544931,1,660387,2841600
5787,41,0.9024533884207193,16762512,2,523797,1736100
2119,13,0.5090032778002272,48458792,2,2151594,635700
9012,30,0.981405178537013,49591742,4,2627630,5407200
1842,33,0.8633354960351616,12918529,2,398029,552600
11068,13,0.6523755476930666,42701479,2,1479291,3320400
19716,52,0.9146973324294234,36737358,3,1831451,8872200
19708,26,0.640760599207465,49110687,4,3862875,11824800
18878,22,0.936376919783064,20262886,4,1056015,11326800
14731,39,0.5562901952059685,37898682,4,3787891,8838600
3990,2,0.8518429887303979,29531909,3,1060848,1795500
9810,38,0.7703492383224552,31474646,2,1127670,2943000
8484,39,0.5482672350977205,1537977,4,155966,5090400
18488,26,0.6209469141294195,44942054,4,3647782,11092800
12719,46,0.5062020181386574,29869116,1,861492,1907850
735,58,0.7343839827322529,10946749,4,942061,441000
10661,50,0.6506326303800002,4668280,2,215249,3198300
2408,15,0.7991787421488794,37277840,2,1072839,722400
9067,34,0.6486189038543086,44791098,1,925351,1360050
4030,42,0.6499595557534923,22562024,4,1971696,2418000
5756,55,0.8715965993658017,34245660,4,2436024,3453600
19519,44,0.5240714179891768,7637640,4,839442,11711400
8662,49,0.9514474975959937,7837388,3,368208,3897900
19444,40,0.9261319371955907,45102213,4,2727175,11666400
5915,11,0.8339023416132032,33149765,2,882507,1774500
3891,3,0.7966107850536921,39208851,2,1013923,1167300
11657,59,0.9461512490698261,42985331,3,2167095,5245650
6451,6,0.5926650897643573,5622580,3,301684,2902950
8507,9,0.5394845810954143,41799568,4,3378152,5104200
9564,6,0.619755084954769,36677259,1,627310,1434600
16024,9,0.8972891393500951,42191606,3,1537593,7210800
19782,39,0.5173351333632417,11457279,3,923518,8901900
577,31,0.7914034175417448,24698370,4,1635315,346200
8077,32,0.997718758095655,30142798,4,1595178,4846200
17484,41,0.9278480469187698,29658787,3,1352125,7867800
14560,50,0.7607228445217947,22284383,1,439405,2184000
17949,12,0.5318204546433212,1296063,3,81884,8077050
19020,8,0.9156867571928549,2383875,4,112465,11412000
11035,8,0.7994892540886053,41179601,4,2225119,6621000
10010,50,0.5574664985297835,2876336,3,232184,4504500
7443,28,0.5469286424116782,42096018,1,985190,1116450
12454,20,0.9548134097182962,4956778,3,186888,5604300
8304,47,0.8346001314690392,47696307,3,2520257,3736800
7065,59,0.9146433996583778,3887757,4,270336,4239000
6484,7,0.9394894501411337,3468665,1,39505,972600
5170,11,0.7858861760241611,29075808,2,821344,1551000
19074,20,0.7587231758775206,7472973,1,118192,2861100
9684,16,0.7152137051604951,1692924,3,82372,4357800
19596,4,0.6584732938955596,17167670,3,813444,8818200
2692,6,0.7172979804293559,3570115,3,158274,1211400
1748,58,0.8869398278650782,8499066,1,151402,262200
11746,22,0.8009617155075658,5672412,4,345601,7047600
13290,26,0.946261644977423,20877714,3,833995,5980500
18881,3,0.7216900071895939,14177733,3,607036,8496450
4187,41,0.803544789359377,14059040,1,246697,628050
4518,42,0.8156537765459944,41735911,2,1453189,1355400
11802,14,0.7958485811531628,21588882,2,618492,3540600
2470,11,0.8513168865427582,34161204,4,1781660,1482000
8889,18,0.6187167341874031,21596928,4,1647563,5333400
18086,54,0.7561818887728953,15025093,3,917979,8138700
15874,12,0.5521124014041738,40158759,1,814649,2381100
6288,23,0.6922556638224062,32699468,3,1743012,2829600
5908,12,0.7438335343106321,37027631,4,2230119,3544800
9946,13,0.8261121297727363,14436735,1,197473,1491900
1422,25,0.9752655262931018,49471997,1,634083,213300
919,45,0.8003255332741779,26048546,4,1887751,551400
19088,51,0.8717969580882798,26463499,2,916724,5726400
11289,58,0.7531330297476013,35262607,2,1479550,3386700
1620,19,0.8170520156881657,29840826,1,434618,243000
11760,55,0.5354661080668868,19644522,3,1705934,5292000
17834,46,0.6271957904209235,26429449,2,1230460,5350200
2836,36,0.6809265466025693,5394643,3,323238,1276200
5873,45,0.7362466775032568,23666334,2,932192,1761900
2743,8,0.5228243727511919,1125355,2,46492,822900
19529,29,0.5700120487766589,38776534,3,2632666,8788050
5112,55,0.6384071538956528,18393153,4,1786282,3067200
14446,53,0.9857663454505253,17796693,2,552442,4333800
18749,55,0.6656735035515253,4556210,2,212179,5624700
11604,32,0.7410205290560412,7508856,3,401271,5221800
13929,51,0.5980488563691965,37041543,4,3741014,8357400
6871,44,0.8053900355378841,3009606,2,107620,2061300
6859,18,0.6403416077579871,2559757,2,94340,2057700
8363,6,0.6034962892192134,40711170,4,2860255,5017800
3728,18,0.7582863142229895,30765233,2,957500,1118400
14882,19,0.5027528995802104,21209423,4,2008080,8929200
19255,22,0.5038320163246126,13856498,4,1342108,11553000
3391,37,0.6095344045509289,10212367,3,688604,1525950
4256,32,0.5183606812504106,29196679,1,743490,638400
16270,56,0.5540128770653456,22306491,4,2512441,9762000
16978,41,0.6694303246693758,9519792,3,601537,7640100
3174,59,0.9012928397899065,18912843,1,333647,476100
7398,3,0.7860243216846504,28413629,2,744659,2219400
10647,28,0.7563338629782081,1245300,1,21075,1597050
1293,10,0.6467444116040608,43527050,4,2961278,775800
2616,51,0.9658768597164082,17869252,4,1117433,1569600
6279,35,0.6985075206185958,40550234,4,3134844,3767400
12798,29,0.5435463833978857,24216267,4,2298901,7678800
14653,54,0.8085332580589006,26447520,4,2014966,8791800
11611,15,0.5569191967383007,38216772,3,2367450,5224950
11289,33,0.672611571400846,13818331,4,1092956,6773400
11897,7,0.7537059693589044,26139317,3,1113261,5353650
13499,12,0.9371112623425879,11779706,2,281573,4049700
1314,49,0.7467732901700593,20363133,4,1625182,788400
17229,30,0.8511293830158322,25887345,4,1581594,10337400
11041,21,0.9964084194995352,47780271,1,580225,1656150
2943,31,0.5657445599489908,23924776,2,1107971,882900
10957,58,0.6373657627597598,25335061,4,2512177,6574200
10880,24,0.6972880377988232,19602180,4,1394356,6528000
8283,20,0.7109140892694157,42279354,2,1427323,2484900
11973,37,0.7055105376327728,42706945,3,2487922,5387850
17868,4,0.9538055012782775,10777117,4,470041,10720800
15828,28,0.8570163222334282,28664038,1,428112,2374200
1327,44,0.8039526070453519,30843907,4,2209843,796200
7647,20,0.654686358931391,5764812,1,105665,1147050
4951,24,0.9118951921106473,16512659,1,224540,742650
15843,50,0.9775302557424945,32276622,4,1981112,9505800
14135,49,0.9105991412751133,30274326,4,1981497,8481000
6459,51,0.5007825525957365,18260671,1,550610,968850
626,32,0.8182006850917035,5036405,2,162504,187800
9295,41,0.5255676907210504,32579612,2,1748100,2788500
12141,36,0.6288036101668609,33740087,4,2918972,7284600
7696,58,0.5297623501738858,26713043,3,2390125,3463200
12059,53,0.8018977264746938,46930833,2,1790856,3617700
3868,34,0.8432949567463034,17202558,4,1093398,2320800
4297,36,0.5572438190329525,44567817,2,2175429,1289100
15614,2,0.6919194415224897,37426088,3,1655161,7026300
14218,15,0.728118254477771,22485785,4,1420574,8530800
2292,34,0.6845265108804583,14211292,3,834582,1031400
11553,36,0.5605125002425966,36881161,4,3579465,6931800
3976,6,0.7094738950937377,33167952,3,1486652,1789200
3917,39,0.875589023904209,41249665,2,1309679,1175100
2145,42,0.5355038322666277,9274437,2,491862,643500
15255,51,0.5400900070409518,4907129,3,411584,6864750
19914,51,0.6773856459179921,17872772,3,1195237,8961300
19756,58,0.9708628558094625,44840923,3,2189248,8890200
3572,54,0.834286323361457,38024424,4,2807554,2143200
2354,12,0.8393349783362825,16075268,2,429013,706200
5162,3,0.6809599954189325,10944145,4,662151,3097200
7014,45,0.7968303956042693,7139353,2,259830,2104200
3208,18,0.5050655920138717,18429971,1,430584,481200
12194,40,0.8180480232047711,4666344,4,319437,7316400
10024,21,0.9566434737881184,6650352,2,168232,3007200
6956,15,0.8062867341724096,12914970,2,368410,2086800
4712,33,0.9368492967331725,18520304,4,1051695,2827200
13724,35,0.861986527733047,31010571,4,1942687,8234400
8470,26,0.5602792082018451,10483017,2,471500,2541000
17420,8,0.9512266536429208,6003361,4,272642,10452000
2125,36,0.5332219221778874,25852258,3,1978110,956250
10814,48,0.7669837362738818,13493007,4,1041464,6488400
8473,30,0.5710685618967288,25483329,4,2320444,5083800
9077,23,0.505853305365452,27678907,4,2692089,5446200
8570,42,0.7110171300638195,12730711,2,508499,2571000
9166,44,0.6475203538270782,3173513,3,211724,4124700
4100,14,0.7430002468988015,10787557,1,165515,615000
7283,14,0.7885999433672755,15246041,1,220396,1092450
13726,2,0.5218695361544736,43465194,3,2548596,6176700
9646,55,0.5615016475618728,7913462,3,655342,4340700
5471,37,0.7793211982252126,2011930,3,106105,2461950
13990,5,0.6715836765863291,16664622,2,521092,4197000
18089,38,0.864586743774724,26057299,1,415910,2713350
13451,45,0.8261458242959698,2785818,3,146684,6052950
12812,41,0.9228021814949534,37506152,2,1146154,3843600
2490,54,0.8462464133346126,36637395,1,666727,373500
5799,47,0.7149655386950741,23740075,4,1952424,3479400
13497,14,0.8364833111972162,22033362,2,600562,4049100
13972,56,0.6376905871277092,34843566,1,852387,2095800
4880,39,0.6531567493891064,28934529,2,1231526,1464000
5257,25,0.8944925799603967,8632285,1,120631,788550
19597,20,0.723209758200791,5324660,1,88350,2939550
